ask_level,ask,bid
high,17.88550056208893,17.879194544595503
low,17.637618301288757,17.631090843477203
